nombre,email
Maïté,tjeffcoat1@latimes.com
Françoise,tjeffcoat1@latimes.com
Marie-thérèse,tjeffcoat1@latimes.com
Annotée,mkellert3@google.it
Cunégonde,tdransfield4@sfgate.com
Maëly,bhazlegrove5@statcounter.com
Cinéma,cjorioz6@elpais.com
Måns,ddoman7@angelfire.com
Björn,mchrippes8@npr.org
Måns,dgoseling9@jimdo.com
Dà,jbasinigazzia@prnewswire.com
Nélie,snorcliffeb@tamu.edu
Björn,cillesleyc@hibu.com
Marie-hélène,mgaukrogerd@mozilla.org
Léone,wjeandote@ihg.com
Faîtes,sjammef@yellowpages.com
Marie-thérèse,mjarrattg@irs.gov
Maëly,vtumiellih@sourceforge.net
Loïs,msturdgessi@lycos.com
Salomé,pskeelj@vkontakte.ru
Geneviève,apidduckk@bandcamp.com
Tú,ctitcumbl@github.com
Chloé,rsiwardm@indiegogo.com
Réservés,nronnayn@ezinearticles.com
Audréanne,idowntono@soup.io
Anaëlle,ffairnp@blogs.com
Cécilia,mgallimoreq@rediff.com
Lucrèce,churlstonr@example.com
Marie-hélène,slevanes@cpanel.net
Anaël,sbeant@xrea.com
Zoé,smckiernanu@amazon.com
Kù,ddrinkeldv@parallels.com
Laïla,gpearceyw@webmd.com
Erwéi,bharbordx@scientificamerican.com
Pål,mkernery@webs.com
Véronique,sdanielsenz@oaic.gov.au
Sélène,akopta10@mapy.cz
Valérie,zdoughill11@live.com
Léana,anoyes12@feedburner.com
Bérénice,egillespey13@blogspot.com
Jú,etumility14@google.com.au
Michèle,mbrome15@businessweek.com
Yú,cllorens16@rediff.com
Félicie,llyfe17@webeden.co.uk
Maëlys,zgavozzi18@nature.com
Adélaïde,sstobbart19@google.de
Uò,cpohlak1a@pinterest.com
Bérénice,dkynvin1b@about.com
Maëlyss,fstory1c@mlb.com
Erwéi,ssutherland1d@sohu.com
nombre,email
Maïté,tjeffcoat1@latimes.com
Françoise,tjeffcoat1@latimes.com
Marie-thérèse,tjeffcoat1@latimes.com
Annotée,mkellert3@google.it
Cunégonde,tdransfield4@sfgate.com
Maëly,bhazlegrove5@statcounter.com
Cinéma,cjorioz6@elpais.com
Måns,ddoman7@angelfire.com
Björn,mchrippes8@npr.org
Måns,dgoseling9@jimdo.com
Dà,jbasinigazzia@prnewswire.com
Nélie,snorcliffeb@tamu.edu
Björn,cillesleyc@hibu.com
Marie-hélène,mgaukrogerd@mozilla.org
Léone,wjeandote@ihg.com
Faîtes,sjammef@yellowpages.com
Marie-thérèse,mjarrattg@irs.gov
Maëly,vtumiellih@sourceforge.net
Loïs,msturdgessi@lycos.com
Salomé,pskeelj@vkontakte.ru
Geneviève,apidduckk@bandcamp.com
Tú,ctitcumbl@github.com
Chloé,rsiwardm@indiegogo.com
Réservés,nronnayn@ezinearticles.com
Audréanne,idowntono@soup.io
Anaëlle,ffairnp@blogs.com
Cécilia,mgallimoreq@rediff.com
Lucrèce,churlstonr@example.com
Marie-hélène,slevanes@cpanel.net
Anaël,sbeant@xrea.com
Zoé,smckiernanu@amazon.com
Kù,ddrinkeldv@parallels.com
Laïla,gpearceyw@webmd.com
Erwéi,bharbordx@scientificamerican.com
Pål,mkernery@webs.com
Véronique,sdanielsenz@oaic.gov.au
Sélène,akopta10@mapy.cz
Valérie,zdoughill11@live.com
Léana,anoyes12@feedburner.com
Bérénice,egillespey13@blogspot.com
Jú,etumility14@google.com.au
Michèle,mbrome15@businessweek.com
Yú,cllorens16@rediff.com
Félicie,llyfe17@webeden.co.uk
Maëlys,zgavozzi18@nature.com
Adélaïde,sstobbart19@google.de
Uò,cpohlak1a@pinterest.com
Bérénice,dkynvin1b@about.com
Maëlyss,fstory1c@mlb.com
Erwéi,ssutherland1d@sohu.com
